{
  "dataset": "imdb",
  "dataset_path": null,
  "seed": 42,
  "vectorizer": "tfidf",
  "model": "logreg",
  "max_features": 20000,
  "ngram_max": 2,
  "replace_number": false,
  "drop_punct": false,
  "splits": {
    "train": 40000,
    "val": 5000,
    "test": 5000
  },
  "val": {
    "accuracy": 0.9076,
    "macro_f1": 0.9075966734802453,
    "weighted_f1": 0.9075966734802452,
    "labels": [
      "negative",
      "positive"
    ],
    "classification_report": {
      "negative": {
        "precision": 0.9125506072874494,
        "recall": 0.9016,
        "f1-score": 0.9070422535211268,
        "support": 2500.0
      },
      "positive": {
        "precision": 0.9027667984189723,
        "recall": 0.9136,
        "f1-score": 0.9081510934393638,
        "support": 2500.0
      },
      "accuracy": 0.9076,
      "macro avg": {
        "precision": 0.9076587028532108,
        "recall": 0.9076,
        "f1-score": 0.9075966734802453,
        "support": 5000.0
      },
      "weighted avg": {
        "precision": 0.9076587028532109,
        "recall": 0.9076,
        "f1-score": 0.9075966734802452,
        "support": 5000.0
      }
    }
  },
  "test": {
    "accuracy": 0.9068,
    "macro_f1": 0.9067865772671264,
    "weighted_f1": 0.9067865772671266,
    "labels": [
      "negative",
      "positive"
    ],
    "classification_report": {
      "negative": {
        "precision": 0.9168032786885246,
        "recall": 0.8948,
        "f1-score": 0.905668016194332,
        "support": 2500.0
      },
      "positive": {
        "precision": 0.897265625,
        "recall": 0.9188,
        "f1-score": 0.9079051383399209,
        "support": 2500.0
      },
      "accuracy": 0.9068,
      "macro avg": {
        "precision": 0.9070344518442623,
        "recall": 0.9068,
        "f1-score": 0.9067865772671264,
        "support": 5000.0
      },
      "weighted avg": {
        "precision": 0.9070344518442623,
        "recall": 0.9068,
        "f1-score": 0.9067865772671266,
        "support": 5000.0
      }
    }
  },
  "generated_at": "2026-04-20T14:52:42.446019+00:00",
  "notes": "Split trước, fit vectorizer trên train, evaluate trên val/test để tránh leakage."
}